{
  "accuracy": 0.8724351837124225,
  "precision": 0.9396177237185056,
  "recall": 0.7653927813163482,
  "f1": 0.843603744149766,
  "auc_roc": 0.9697863239212062,
  "confusion_matrix": {
    "tn": 3322,
    "fp": 139,
    "fn": 663,
    "tp": 2163
  }
}