{
  "iou": 0.17151254730389026,
  "dice": 0.23264987252869074,
  "pixel_accuracy": 0.8855726905295119,
  "num_samples": 1455
}